checkpoint_step,method,view,candidate_count,state_count,proposal_seed_count,direct_selection_eligible,oracle_lift_mean,oracle_lift_median,selected_lift_mean,selected_lift_median,predicted_lift_mean,predicted_lift_median,selector_capture_raw_mean,selector_capture_raw_median,selector_capture_display_mean,selector_capture_display_median,qw_qa_exploitation_gap_mean,qw_qa_exploitation_gap_median,teacher_twin_directional_agreement_mean,teacher_twin_directional_agreement_median,teacher_twin_disagreement_median_mean,teacher_twin_disagreement_median_median,selected_twin_disagreement_mean,selected_twin_disagreement_median,oracle_twin_disagreement_mean,oracle_twin_disagreement_median,random_candidate_twin_disagreement_mean,random_candidate_twin_disagreement_median,qw_pairwise_accuracy_mean,qw_pairwise_accuracy_median,qw_spearman_mean,qw_spearman_median,qw_top1_agreement_mean,qw_top1_agreement_median,latent_pairwise_rms_mean,latent_pairwise_rms_median,decoded_action_pairwise_rms_mean,decoded_action_pairwise_rms_median,tanh_saturation_fraction_mean,tanh_saturation_fraction_median,tanh_saturation_applicable_mean,tanh_saturation_applicable_median,tanh_generated_candidate_fraction_mean,tanh_generated_candidate_fraction_median,scaled_boundary_or_outside_fraction_mean,scaled_boundary_or_outside_fraction_median,out_of_envelope_fraction_mean,out_of_envelope_fraction_median,oracle_lift_ci95_low,oracle_lift_ci95_high,selected_lift_ci95_low,selected_lift_ci95_high,selected_vs_random_twin_disagreement_ratio,oracle_lift_to_twin_disagreement_ratio
100000,g_current,augmentation,1,512,4,1,0.0,0.0,0.0,0.0,0.0,0.0,0.0,0.0,0.0,0.0,0.0,0.0,1.0,1.0,7.823845740407705,3.3719635009765625,7.823845740407705,3.3719635009765625,7.823845740407705,3.3719635009765625,7.823845740407705,3.3719635009765625,1.0,1.0,1.0,1.0,1.0,1.0,0.0,0.0,0.0,0.0,0.03857421875,0.010416666666666666,1.0,1.0,1.0,1.0,0.03857421875,0.010416666666666666,0.0,0.0,0.0,0.0,0.0,0.0,1.0,0.0
100000,g_current,augmentation,2,512,4,1,1.4306674785912037,0.86224365234375,0.17090872395783663,0.0388641357421875,1.4299028073437512,1.062042236328125,0.2607421875,0.25,0.2607421875,0.25,1.2589940833859146,0.8931007385253906,0.63330078125,0.75,7.842310187406838,3.4377822875976562,7.854205628857017,3.366180419921875,7.186885185539722,2.766082763671875,7.842310187406838,3.4377822875976562,0.53955078125,0.5,0.0791015625,0.0,0.53955078125,0.5,2.022451288932765,2.0702764998280534,0.4476927692013162,0.4151242474803305,0.03871663411458333,0.015625,1.0,1.0,1.0,1.0,0.03871663411458333,0.015625,0.0,0.0,1.2753047538455575,1.5941940805409103,0.02963628980796784,0.3156177652301265,0.9791720761567432,0.2508139201992024
100000,g_current,augmentation,4,512,4,1,2.5060808351263404,1.593475341796875,0.27589429914951324,0.1615142822265625,2.57425689464435,2.006039619445801,-0.302177366635399,0.14461705152738202,0.3104216234749523,0.25,2.2983625954948366,1.8171234130859375,0.6322102864583332,0.6666666666666666,7.716758273541927,3.2286834716796875,7.788858700543642,3.3553924560546875,6.742770465090871,2.45867919921875,7.808141693472862,3.3410720825195312,0.5365559895833334,0.5416666666666666,0.08797243382224919,0.050000000000000024,0.28173828125,0.25,2.0326091729365743,2.098282155936598,0.45256573076896234,0.4297932099069559,0.03936258951822917,0.013020833333333332,1.0,1.0,1.0,1.0,0.03936258951822917,0.013020833333333332,0.0,0.0,2.2814303561113776,2.7247523345286027,0.09687327747233213,0.44405543734319497,1.0042861612025913,0.49353718188047924
100000,g_current,augmentation,8,512,4,1,3.4751327419653535,2.2873687744140625,0.3285956773906946,0.2181549072265625,3.445207758806646,2.65643310546875,-3.955344374467635,0.01244563356412276,0.2949983764579386,0.2717754887415488,3.1166120814159513,2.51068115234375,0.6321963355654762,0.6473214285714286,7.6935330191627145,3.2333526611328125,7.8211736138910055,3.3551788330078125,6.253253303468227,2.0199127197265625,7.8103738182689995,3.327455520629883,0.5313804666832012,0.5357142857142857,0.08365265725760278,0.09523809523809523,0.146484375,0.0,2.0374310531216473,2.1006901999288656,0.45558367147297885,0.4341075500634333,0.039693196614583336,0.014322916666666664,1.0,1.0,1.0,1.0,0.039693196614583336,0.014322916666666664,0.0,0.0,3.1855180902406572,3.7734444595174863,0.1462603948544711,0.5033210604218766,1.0083316853391573,0.7074294127918226
100000,g_current,augmentation,16,512,4,1,4.233550872653723,2.80352783203125,0.41006701812148094,0.2159576416015625,4.144752732478082,3.2011871337890625,-2.6778926280323425,-0.06494911948418144,0.2698570584932991,0.25,3.7346857143566012,2.9318695068359375,0.6264843339679622,0.6329481792717087,7.655112182488665,3.2415542602539062,7.787238851189613,3.2631378173828125,5.897107084281743,1.7895660400390625,7.77420914103277,3.337512969970703,0.5301968443627452,0.5375,0.08493597293315815,0.10110294117647059,0.06494140625,0.0,2.0379291260529984,2.097388038110508,0.4565609534075249,0.43402381646731075,0.0398101806640625,0.013020833333333334,1.0,1.0,1.0,1.0,0.0398101806640625,0.013020833333333334,0.0,0.0,3.8940551705192776,4.619192020595073,0.2310613011242822,0.588889117608778,0.9777153966869697,0.8648714804519896
100000,g_current,augmentation,32,512,4,1,4.9014069540426135,3.3397216796875,0.4326726249419153,0.1980133056640625,4.717749748378992,3.659759521484375,-1.3143996103775981,-0.0807420203040018,0.24675391961890653,0.22228103932416826,4.285077123437077,3.3291015625,0.6260855135426128,0.6325604838709677,7.656218783929944,3.2424678802490234,7.8359067919664085,3.4159088134765625,5.599326583556831,1.6051435470581055,7.773183473793324,3.3675169944763184,0.5303071291449017,0.5318675667970023,0.0874778634999574,0.09553702346041056,0.04248046875,0.0,2.0384935396560033,2.113302569496251,0.4564929171166422,0.4352130659495277,0.039689381917317704,0.012858072916666668,1.0,1.0,1.0,1.0,0.039689381917317704,0.012858072916666668,0.0,0.0,4.497440504282713,5.307548016123474,0.18525666864588858,0.6991034053848122,1.0143701781103467,1.0299937587758023
100000,g_current,augmentation,64,512,4,1,5.557924207299948,3.7450332641601562,0.4836915987543762,0.2576141357421875,5.1774755557999015,4.006317138671875,-1.0839916097756581,-0.07100154365163087,0.2335348932117941,0.22174647455183555,4.693783957045525,3.68829345703125,0.6271062057487042,0.6383308531746033,7.648987463675439,3.2795486450195312,7.812661088537425,3.3852996826171875,5.389078781940043,1.4693450927734375,7.767316574099823,3.3807902336120605,0.5299981807860987,0.5305059523809523,0.08713322513896227,0.09087125547124969,0.01611328125,0.0,2.038345856458463,2.1066579651938655,0.4569027645471267,0.4327555841942381,0.03966712951660156,0.0126953125,1.0,1.0,1.0,1.0,0.03966712951660156,0.0126953125,0.0,0.0,5.088786420226097,6.069173825392499,0.23865103957941755,0.7565404227469116,1.00133384466161,1.1419355739234212
100000,g_mix,augmentation,1,512,4,1,0.0,0.0,0.0,0.0,0.0,0.0,0.0,0.0,0.0,0.0,0.0,0.0,1.0,1.0,7.823845740407705,3.3719635009765625,7.823845740407705,3.3719635009765625,7.823845740407705,3.3719635009765625,7.823845740407705,3.3719635009765625,1.0,1.0,1.0,1.0,1.0,1.0,0.0,0.0,0.0,0.0,0.03857421875,0.010416666666666666,1.0,1.0,1.0,1.0,0.03857421875,0.010416666666666666,0.0,0.0,0.0,0.0,0.0,0.0,1.0,0.0
100000,g_mix,augmentation,2,512,4,1,1.7982961386442184,0.158172607421875,0.00270751491189003,0.0,0.009540542960166931,0.0,0.005859375,0.0,0.005859375,0.0,0.006833028048276901,0.0,0.69775390625,0.75,8.547724226489663,4.331550598144531,7.809826519340277,3.366180419921875,7.155692662112415,3.1195249557495117,8.547724226489663,4.331550598144531,0.728515625,0.75,0.45703125,0.5,0.728515625,0.75,4.370122472177014,4.325463452627871,1.0199556511322951,0.927910517993133,0.029591878255208332,0.020833333333333332,1.0,1.0,1.0,1.0,0.029591878255208332,0.020833333333333332,0.0,0.0,1.2419873191043735,2.5122300678398455,-0.011306095775216818,0.01825401932001113,0.7771305779883575,0.036516393803556174
100000,g_mix,augmentation,4,512,4,1,3.493097028695047,1.313568115234375,0.17017725203186274,0.0435638427734375,1.4320008610375226,1.0671234130859375,-0.3694347996478626,0.22398795151138978,0.2158631892940548,0.25,1.2618236090056598,0.8931007385253906,0.6881347656250001,0.7083333333333334,8.110188698628917,3.867034912109375,7.852280063554645,3.366180419921875,6.7346984120085835,2.64752197265625,8.564371079322882,4.270458221435547,0.6778157552083334,0.7083333333333334,0.41806640625,0.55,0.37841796875,0.25,3.929732199149557,3.8855810098170203,0.9182246301056913,0.8531882606891414,0.0297393798828125,0.018229166666666664,1.0,1.0,1.0,1.0,0.0297393798828125,0.018229166666666664,0.0,0.0,2.743542904313654,4.37777027641423,0.03170733326114714,0.3194073907565325,0.7882480627079658,0.33968354180641597
100000,g_mix,augmentation,8,512,4,1,5.126877319067717,2.185333251953125,0.2740780860185623,0.1638336181640625,2.575577852781862,2.006039619445801,-0.649974208735242,0.05353350375028565,0.2609046060779582,0.25,2.3014997667632997,1.8171234130859375,0.6858039331183863,0.6964285714285714,7.7998319352045655,3.7053451538085938,7.7900458462536335,3.34918212890625,6.318705979734659,2.40325927734375,8.382363323005848,4.154592514038086,0.6571083674355158,0.6875,0.4049323284108792,0.5178571428571428,0.193359375,0.25,3.9004111866929536,3.871845520222239,0.9091512201054537,0.8547934069276015,0.030339558919270836,0.018229166666666664,1.0,1.0,1.0,1.0,0.030339558919270836,0.018229166666666664,0.0,0.0,4.128086670162157,6.344728505751117,0.10836693611927331,0.439607311761938,0.8061397399599578,0.5897785931512745
100000,g_mix,augmentation,16,512,4,1,6.8716630432754755,2.7537841796875,0.3285956773906946,0.2181549072265625,3.445207758806646,2.65643310546875,-2.721457362928955,-0.0185108505003604,0.24796614928151967,0.23707536386045186,3.1166120814159513,2.51068115234375,0.6812348181460084,0.69375,7.768658356042579,3.6908493041992188,7.8211736138910055,3.3551788330078125,5.800187771208584,2.027679443359375,8.40338240325218,4.198918342590332,0.6458031747855392,0.6781250000000001,0.3954404236829736,0.5022058823529412,0.0966796875,0.0,3.916129052480074,3.9147382065393352,0.9116134399657534,0.8615206182502795,0.030553181966145832,0.018229166666666664,1.0,1.0,1.0,1.0,0.030553181966145832,0.018229166666666664,0.0,0.0,5.637571376468986,8.23502622200176,0.14275956850033253,0.5084903493989259,0.7990578904513745,0.7461112477701042
100000,g_mix,augmentation,32,512,4,1,8.46360608190298,3.47344970703125,0.40531210973858833,0.2070159912109375,4.145889046601951,3.2011871337890625,-1.660677054533184,-0.04195507589220674,0.22235178345648737,0.1932463011883429,3.740576936863363,2.9318695068359375,0.6786318742013125,0.6800958170413816,7.738283309852704,3.5666275024414062,7.788802716881037,3.2631378173828125,5.690909574739635,1.8083953857421875,8.402188240084797,4.199820041656494,0.6420574885542675,0.6622983870967742,0.3963375117014094,0.47626466275659823,0.037109375,0.0,3.9273180773216896,3.9414234630050418,0.91443940473972,0.8650348398250659,0.030696868896484375,0.017740885416666664,1.0,1.0,1.0,1.0,0.030696868896484375,0.017740885416666664,0.0,0.0,6.957253623497673,10.315528171206822,0.21675499975681306,0.6010507803177461,0.7769708666126001,0.9738750975967143
100000,g_mix,augmentation,64,512,4,1,9.975225520320237,4.017722129821777,0.42905177688226104,0.18731689453125,4.72097085043788,3.66412353515625,-0.5104261579744305,-0.038927554619666196,0.20132667646900138,0.16914816372022995,4.2919190735556185,3.3291015625,0.6774124016868148,0.6837177579365079,7.720928282244131,3.5741500854492188,7.837236828636378,3.4159088134765625,5.05781393032521,1.6136016845703125,8.419175942959555,4.0724945068359375,0.6399421970284954,0.6605282738095237,0.3958220324996559,0.47788517614230414,0.02392578125,0.0,3.935195308732352,3.9463332352223386,0.9158538582439376,0.8777676126692022,0.030687967936197914,0.017740885416666668,1.0,1.0,1.0,1.0,0.030687967936197914,0.017740885416666668,0.0,0.0,8.311612730100752,11.990421056118793,0.19640642820158974,0.6875741770607416,0.8387755484366511,1.1241056009870407
100000,g_prior_exact,augmentation,1,512,4,0,0.0,0.0,0.0,0.0,0.0,0.0,0.0,0.0,0.0,0.0,0.0,0.0,1.0,1.0,7.823845740407705,3.3719635009765625,7.823845740407705,3.3719635009765625,7.823845740407705,3.3719635009765625,7.823845740407705,3.3719635009765625,1.0,1.0,1.0,1.0,1.0,1.0,0.0,0.0,0.0,0.0,0.03857421875,0.010416666666666666,1.0,1.0,1.0,1.0,0.03857421875,0.010416666666666666,0.0,0.0,0.0,0.0,0.0,0.0,1.0,0.0
100000,g_prior_exact,augmentation,2,512,4,0,2.4814642956480384,0.2540740966796875,0.018167778849601746,0.0,0.06113015115261078,0.0,0.0078125,0.0,0.0078125,0.0,0.04296237230300903,0.0,0.7021484375,0.75,9.44636124977842,4.944145202636719,7.8373346999287605,3.4219207763671875,7.450079483911395,3.3716888427734375,9.44636124977842,4.944145202636719,0.72802734375,0.75,0.4560546875,0.5,0.72802734375,0.75,5.777342329470947,5.754337079370371,1.3124453008020625,1.2225913952890832,0.03857421875,0.010416666666666666,1.0,1.0,0.5,0.5,0.18360392252604166,0.17708333333333334,0.15965779622395831,0.16145833333333331,1.8279280722606928,3.264445302961393,-0.012194962985813618,0.052429480105638505,0.6921157522926861,0.05138888245923471
100000,g_prior_exact,augmentation,4,512,4,0,5.302222708240151,1.1873626708984375,0.019184205681085587,0.0,0.10784708335995674,0.0,0.00035544070572100437,0.0,0.010044905089442266,0.0,0.08866287767887115,0.0,0.6852213541666667,0.7083333333333333,8.971821177750826,4.6727752685546875,7.826159704476595,3.3719635009765625,6.991383017972112,3.140380859375,9.878269866923802,5.106452941894531,0.6404622395833334,0.6666666666666666,0.33076171875000004,0.4,0.48779296875,0.5,6.373934079489297,6.368038272244995,1.424472744557499,1.3616760434570772,0.03857421875,0.010416666666666666,1.0,1.0,0.25,0.25,0.2552846272786458,0.2526041666666667,0.23841349283854166,0.23958333333333334,4.128961756895296,6.629918377869762,-0.0386247118934989,0.07769842622801659,0.6603338049612065,0.2541022417424527
100000,g_prior_exact,augmentation,8,512,4,0,8.61002621985972,2.452198028564453,0.06992347165942192,0.0,0.2324440418742597,0.0,-0.015694444870993453,0.0,0.015989503757072067,0.0,0.1625205702148378,0.0,0.6779345961474869,0.6875,8.977746558608487,4.783714294433594,7.844227135181427,3.4219207763671875,6.551120797172189,3.0281982421875,10.255671335209627,5.315196990966797,0.5986676897321428,0.6071428571428571,0.25509207589285715,0.2857142857142857,0.30810546875,0.25,6.666535984759443,6.667767301487082,1.4813164299216761,1.4325273697439447,0.03857421875,0.010416666666666666,1.0,1.0,0.125,0.125,0.2922261555989583,0.29166666666666663,0.2788340250651042,0.27864583333333337,6.8993698036065325,10.435887574404477,-0.013243613787926734,0.1650832520332187,0.6437994268477271,0.5126138137927405
100000,g_prior_exact,augmentation,16,512,4,0,12.12401044741273,3.93597412109375,0.13097223918884993,0.0,0.39821507362648845,0.0,-0.029534420831522135,0.0,0.02238402496736993,0.0,0.2672428344376385,0.0,0.6728124794839812,0.6708333333333334,8.955378539161757,4.632926940917969,7.873314339667559,3.38006591796875,6.510208438150585,2.9087371826171875,10.391021342278691,5.351253509521484,0.5790608723958334,0.5833333333333334,0.21757812499999998,0.23529411764705882,0.18701171875,0.0,6.79858026785252,6.8007108444491084,1.5084807338505368,1.4662924779104825,0.03857421875,0.010416666666666666,1.0,1.0,0.0625,0.0625,0.30941009521484375,0.3092447916666667,0.29782231648763025,0.2981770833333333,9.720240235468372,14.983764088340104,0.02001551752910018,0.2743201607372612,0.6316400282577903,0.8495653333816388
100000,g_prior_exact,augmentation,32,512,4,0,15.160939674824476,4.8605499267578125,0.1504025338217616,0.0,0.547048865351826,0.0,-0.03881105013886169,0.0,0.028830652299481733,0.0,0.39664633153006434,0.0,0.6699535241846387,0.6635584677419355,8.984554262133315,4.797882080078125,7.952999796718359,3.54022216796875,6.376189388334751,2.7170257568359375,10.523984346044017,5.514910191297531,0.5696967310453324,0.5710685483870968,0.19828572259750266,0.21100623167155425,0.10400390625,0.0,6.86418465524532,6.864773773270803,1.5193989597861273,1.481282980208385,0.03857421875,0.010416666666666666,1.0,1.0,0.03125,0.03125,0.31824239095052087,0.3180338541666667,0.3075739542643229,0.3076171875,12.360985016217455,18.67503207083791,0.021921442169696093,0.2827848991379141,0.6419365039806418,1.0130615645890713
100000,g_prior_exact,augmentation,64,512,4,0,17.93076504394412,6.3080596923828125,0.23147636000066996,0.0,0.7677578879520297,0.0,-0.048683821726936236,0.0,0.03363864763994662,0.0,0.5362815279513597,0.0,0.6663354574905392,0.6621604705778092,9.03570061782375,4.76336669921875,7.963427593931556,3.5662384033203125,6.07093211915344,2.579620361328125,10.58661209406091,5.503723576664925,0.5635540723438752,0.5655381944444444,0.18424068392357495,0.1913804945054945,0.056640625,0.0,6.895892414979263,6.893107065176174,1.5253554588156917,1.4761248607897743,0.03857421875,0.010416666666666666,1.0,1.0,0.015625,0.015625,0.3228241602579753,0.3230794270833333,0.3125292460123698,0.31266276041666663,14.69960944042541,21.496681500482367,-0.0415730936685577,0.6512005974305788,0.6479682988514724,1.324285970554694
100000,g_prior_exact,native_source,1,512,4,0,0.0,0.0,0.0,0.0,0.0,0.0,0.0,0.0,0.0,0.0,0.0,0.0,1.0,1.0,10.356627251952887,5.1459503173828125,10.356627251952887,5.1459503173828125,10.356627251952887,5.1459503173828125,10.356627251952887,5.1459503173828125,1.0,1.0,1.0,1.0,1.0,1.0,0.0,0.0,0.0,0.0,0.0,0.0,0.0,0.0,0.0,0.0,0.3286539713541667,0.3229166666666667,0.3185221354166667,0.32291666666666663,0.0,0.0,0.0,0.0,1.0,0.0
100000,g_prior_exact,native_source,2,512,4,0,6.700616153422743,2.428375244140625,0.7093864143826067,0.0,18.667032605269924,8.230056762695312,0.25439453125,0.25,0.25439453125,0.25,17.957646190887317,7.686385631561279,0.6484375,0.75,10.71275200555101,5.53021240234375,10.716127491090447,5.018096923828125,9.12259985273704,4.432891845703125,10.71275200555101,5.53021240234375,0.53564453125,0.5,0.0712890625,0.0,0.53564453125,0.5,6.877104098937942,6.863820473021484,1.5018498777752813,1.4556131619240218,0.0,0.0,0.0,0.0,0.0,0.0,0.328643798828125,0.328125,0.31891886393229163,0.31770833333333337,5.617733129940461,7.898894521687179,-0.47762908537406473,1.8076226440025491,0.9073967794982728,0.43911066473892746
100000,g_prior_exact,native_source,4,512,4,0,12.939979673363268,5.349931716918945,2.507276676595211,0.885528564453125,32.42187504447065,15.230514526367188,-0.27275687909927443,0.25,0.34904960840644617,0.3114763679934577,29.914598367875442,14.00091552734375,0.6632649739583334,0.6666666666666666,9.678929291199893,5.119266510009766,10.287835576571524,4.9561920166015625,7.922048760578036,3.680779457092285,10.511465244810097,5.566541016101837,0.561328125,0.5833333333333333,0.1490801893388754,0.15000000000000002,0.3330078125,0.25,6.905648210065896,6.895504406438548,1.5160215901141458,1.466424873266621,0.0,0.0,0.0,0.0,0.0,0.0,0.3278045654296875,0.32552083333333337,0.31804402669270837,0.31770833333333337,11.045449482253753,14.959467800497077,1.0923348809359594,3.8865928037790574,0.8903539922305841,1.0450582532591646
100000,g_prior_exact,native_source,8,512,4,0,18.0194134125486,7.324920654296875,3.218184702564031,1.1972808837890625,45.05127585059381,21.17709970474243,-0.5575096199060873,0.13030604983152888,0.3462392201944721,0.322510205361467,41.83309114802978,18.608625531196594,0.6667112320188492,0.6696428571428571,9.319522024830803,4.934478759765625,10.755955673288554,5.170928955078125,7.090675370767713,3.2270069122314453,10.572269024152774,5.606828689575195,0.5571360108713623,0.5625,0.15060517757800812,0.1488095238095238,0.1953125,0.25,6.926195529684547,6.92863851237254,1.5273424886053324,1.486481792434489,0.0,0.0,0.0,0.0,0.0,0.0,0.32848612467447913,0.328125,0.3186492919921875,0.31901041666666663,15.356894896645098,20.793996951426376,1.7766206310596317,4.806843409256544,0.9222555639505197,1.4844365556950518
100000,g_prior_exact,native_source,16,512,4,0,22.623463426716626,8.901556968688965,4.722952356096357,1.57720947265625,54.197223786701215,24.812530517578125,-0.9169571832238889,0.06108819453107073,0.32382776313360473,0.3036244294324224,49.47427143060486,22.27825927734375,0.6670455975358894,0.6666666666666666,9.168957103975117,4.7888031005859375,10.176161561626941,5.257232666015625,6.647252242080867,2.8526458740234375,10.549320186750265,5.507018744945526,0.5582735633315826,0.5604166666666667,0.16192321916090635,0.1698529411764706,0.099609375,0.0,6.927931517876505,6.926365933487962,1.5316014982024404,1.4855889996369842,0.0,0.0,0.0,0.0,0.0,0.0,0.32754007975260413,0.3268229166666667,0.3177299499511719,0.3177083333333333,19.220864650281147,26.441442150063807,3.1495536392903887,6.488975247601046,0.9546422319409824,1.8588270976519807
100000,g_prior_exact,native_source,32,512,4,0,26.199646913446486,10.239486694335938,5.691247146110982,1.5501251220703125,62.023505850549554,27.942794799804688,-0.8976195195182061,0.025195791990793158,0.30120700557364705,0.28625049409887215,56.33225870443857,25.344225883483887,0.6668652268176982,0.6590221774193548,9.070044389925897,4.801418304443359,9.850188868585974,5.050048828125,6.258708953857422,2.7573089599609375,10.603133768279804,5.55491778254509,0.5592599699108016,0.5592237903225806,0.1694123915545482,0.1739827712609971,0.0546875,0.0,6.928527486190395,6.9298317590558085,1.5309143239697312,1.4867028602828796,0.0,0.0,0.0,0.0,0.0,0.0,0.32730738321940106,0.3271484375,0.31752777099609375,0.3177083333333333,22.195255918079056,30.413684232672672,4.086309836560394,7.626573534263295,0.9091131544725087,2.1325962549149375
100000,g_prior_exact,native_source,64,512,4,0,29.323812765069306,11.560067176818848,6.778004695195705,1.7290496826171875,68.3782783926872,30.994646072387695,-0.34326940836582953,0.044103655714078385,0.2897206681304514,0.27032987400801733,61.6002736974915,28.00017261505127,0.6647246540368703,0.6599702380952381,9.090355689171702,4.808692932128906,10.043333004694432,5.003662109375,5.9852646654471755,2.554229736328125,10.626186805178804,5.551491856575012,0.5583022080978924,0.5589037698412698,0.16961493513857412,0.17558699974321113,0.033203125,0.0,6.927977803980947,6.925335111496416,1.531051235047333,1.4819925126935907,0.0,0.0,0.0,0.0,0.0,0.0,0.32735665639241535,0.32747395833333337,0.31750615437825525,0.31754557291666663,25.14586673411541,34.31663440747652,4.6409541423083285,8.958456973324063,0.9013184633332065,2.4039936298658544
300000,g_current,augmentation,1,512,4,1,0.0,0.0,0.0,0.0,0.0,0.0,0.0,0.0,0.0,0.0,0.0,0.0,1.0,1.0,9.099204801488668,3.9090118408203125,9.099204801488668,3.9090118408203125,9.099204801488668,3.9090118408203125,9.099204801488668,3.9090118408203125,1.0,1.0,1.0,1.0,1.0,1.0,0.0,0.0,0.0,0.0,0.04176839192708333,0.010416666666666666,1.0,1.0,1.0,1.0,0.04176839192708333,0.010416666666666666,0.0,0.0,0.0,0.0,0.0,0.0,1.0,0.0
300000,g_current,augmentation,2,512,4,1,1.2928780652582645,0.72705078125,-0.006150124594569206,0.0,1.2270894111134112,0.8887481689453125,0.24169921875,0.25,0.24169921875,0.25,1.2332395357079804,0.7274169921875,0.6083984375,0.5,9.129200509516522,3.937424659729004,9.15854506706819,3.9493560791015625,8.435807639267296,3.226165771484375,9.129200509516522,3.937424659729004,0.505859375,0.5,0.01171875,0.0,0.505859375,0.5,1.825317434759489,1.9662619160776702,0.4099201702004488,0.3923422704699199,0.04200236002604167,0.010416666666666666,1.0,1.0,1.0,1.0,0.04200236002604167,0.010416666666666666,0.0,0.0,1.1118318277411163,1.5119433710817247,-0.18226438127458094,0.1601551830768582,1.0030302597265137,0.18465135058610616
300000,g_current,augmentation,4,512,4,1,2.304991581477225,1.46319580078125,0.11076364712789655,0.06585693359375,2.117951460648328,1.614823341369629,-0.645496104076897,0.1584794139147566,0.2881569803444262,0.25,2.0071878135204315,1.3957977294921875,0.6104166666666666,0.625,9.108368707122281,3.8106307983398438,9.136968966573477,3.809295654296875,7.99520042585209,2.699981689453125,9.157412004307844,3.8384361267089844,0.5193684895833334,0.5,0.05,0.05,0.26220703125,0.25,1.835385663841365,1.9746108111703142,0.41598888296175235,0.4020938221043449,0.04254659016927083,0.013020833333333332,1.0,1.0,1.0,1.0,0.04254659016927083,0.013020833333333332,0.0,0.0,2.050625448091887,2.5880430520977824,-0.07105110873235389,0.28098384634358775,0.9924082435006951,0.38397731982293126
300000,g_current,augmentation,8,512,4,1,3.1782590518705547,2.0190582275390625,0.26144497049972415,0.1953277587890625,2.8612469737417996,2.179107666015625,-1.0515352731423495,0.08115784081392083,0.2909952291569637,0.2591815986532096,2.5998020032420754,1.754425048828125,0.613014503761574,0.6160714285714286,9.08590193791315,3.5994415283203125,8.991299342364073,3.81689453125,7.530538713559508,2.3204345703125,9.157917619246291,3.771953582763672,0.5277655061590609,0.5267857142857143,0.07598691046898376,0.08333333333333333,0.14794921875,0.0,1.8397403001877226,1.9880676259904095,0.4178907299706728,0.4082207881700598,0.042877197265625,0.013020833333333332,1.0,1.0,1.0,1.0,0.042877197265625,0.013020833333333332,0.0,0.0,2.8672897538170217,3.5132117019849827,0.0753601151984185,0.45901058492017904,1.0119145019948523,0.5609365263064185
300000,g_current,augmentation,16,512,4,1,3.8829253665171564,2.6217193603515625,0.29797162069007754,0.1891632080078125,3.4475059332326055,2.6519012451171875,-0.9380485946657294,-0.059887611257933474,0.26113241750155386,0.2371327919545979,3.149534312542528,2.2558135986328125,0.6164695419183299,0.621875,9.106193375308067,3.6326522827148438,9.128749798983335,3.758087158203125,7.285625567659736,2.0976715087890625,9.18207289937709,3.853506088256836,0.5256109670430672,0.5270833333333333,0.07352811201414114,0.07830882352941179,0.07373046875,0.0,1.839388570334513,1.99456579468924,0.4189586166067718,0.40781600355285386,0.04315312703450521,0.013020833333333332,1.0,1.0,1.0,1.0,0.04315312703450521,0.013020833333333332,0.0,0.0,3.531369605252985,4.252784191432875,0.04963719187071547,0.5410625905962659,0.9752384120153618,0.7217094167879547
300000,g_current,augmentation,32,512,4,1,4.540872842539102,3.0955657958984375,0.3833819697611034,0.21019744873046875,4.040042344480753,2.976959228515625,-0.6088717818056233,-0.09807579113074583,0.24840391224143596,0.2256409840858428,3.6566603747196496,2.512335777282715,0.6159308559384165,0.6190997678396872,9.091464228462428,3.6332550048828125,9.112296756356955,3.7053394317626953,7.056803026236594,1.961761474609375,9.176093727081025,3.8642449378967285,0.5270946136007251,0.5272177419354839,0.07778328440528999,0.07413856304985336,0.0390625,0.0,1.8395775267946388,1.9979272848570517,0.4189336519555349,0.406629048150305,0.043110529581705734,0.013346354166666664,1.0,1.0,1.0,1.0,0.043110529581705734,0.013346354166666664,0.0,0.0,4.108516795549076,5.004007025377359,0.12470403952756896,0.6511947933468035,0.9588779933239625,0.8520089538824656
300000,g_current,augmentation,64,512,4,1,5.101638045627624,3.4425506591796875,0.4785041850991547,0.2373809814453125,4.481963620521128,3.3295745849609375,-0.4065445828260532,-0.11769546432909302,0.23101574599367225,0.20307401261797897,4.0034594354219735,2.857931137084961,0.6168629838604619,0.6174917348556461,9.09912700415589,3.6652069091796875,9.136269386857748,3.7132880687713623,6.899888736195862,1.6714324951171875,9.189431770944793,3.9161908626556396,0.5287974683446017,0.5305679563492063,0.08349076290454158,0.08977793040293039,0.02001953125,0.0,1.8396015371338774,1.994050232825618,0.4192906823482194,0.41163223230580737,0.04301993052164714,0.012858072916666668,1.0,1.0,1.0,1.0,0.04301993052164714,0.012858072916666668,0.0,0.0,4.62307894724654,5.59329788578907,0.18436570449266582,0.8048701084102504,0.9481887372193384,0.9392513832050391
300000,g_mix,augmentation,1,512,4,1,0.0,0.0,0.0,0.0,0.0,0.0,0.0,0.0,0.0,0.0,0.0,0.0,1.0,1.0,9.099204801488668,3.9090118408203125,9.099204801488668,3.9090118408203125,9.099204801488668,3.9090118408203125,9.099204801488668,3.9090118408203125,1.0,1.0,1.0,1.0,1.0,1.0,0.0,0.0,0.0,0.0,0.04176839192708333,0.010416666666666666,1.0,1.0,1.0,1.0,0.04176839192708333,0.010416666666666666,0.0,0.0,0.0,0.0,0.0,0.0,1.0,0.0
300000,g_mix,augmentation,2,512,4,1,1.4700863314792514,0.1039276123046875,-0.00043608248233795166,0.0,0.013536818325519562,0.0,0.0009765625,0.0,0.0009765625,0.0,0.013972900807857513,0.0,0.697265625,0.75,9.142689893487841,4.497528076171875,9.098393977154046,3.9090118408203125,8.25355420447886,3.4645538330078125,9.142689893487841,4.497528076171875,0.75048828125,0.75,0.5009765625,0.5,0.75048828125,0.75,4.3964978913767006,4.370047975827399,1.0153308931189342,0.9479901645233291,0.03118896484375,0.020833333333333332,1.0,1.0,1.0,1.0,0.03118896484375,0.020833333333333332,0.0,0.0,1.0324934957548977,1.9950911327032363,-0.014774464443325997,0.015207729116082185,0.8691467345207803,0.02310771840542833
300000,g_mix,augmentation,4,512,4,1,3.14622847083956,1.172332763671875,-0.00771164707839489,0.0,1.229561096522957,0.8887481689453125,-0.08825832684849375,0.14398799556665806,0.19668353227115015,0.21818104438251806,1.237272743601352,0.7274169921875,0.6748860677083334,0.7083333333333333,8.808541921665892,4.254744052886963,9.154090692754835,3.9493560791015625,7.473482730332762,2.8403472900390625,9.104019358172081,4.412895202636719,0.6792805989583334,0.75,0.42666015625000003,0.575,0.37109375,0.25,3.948785362921173,3.9060783110899426,0.9167303038967837,0.8553387197938973,0.03138224283854167,0.018229166666666664,1.0,1.0,1.0,1.0,0.03138224283854167,0.018229166666666664,0.0,0.0,2.4806987409945576,3.961960571189411,-0.18124731611460448,0.15564798638224564,0.8949580485713348,0.2755354374081361
300000,g_mix,augmentation,8,512,4,1,4.696181980893016,1.906951904296875,0.10911689000204206,0.06585693359375,2.120493479538709,1.614823341369629,-0.3045865653985179,0.07234726319818231,0.23544548418985173,0.22540926593474,2.011376589536667,1.399688720703125,0.6694465112433863,0.6785714285714285,8.815152326598763,4.197223663330078,9.13239973410964,3.809295654296875,6.8351007592864335,2.585947036743164,9.197909046080895,4.557314872741699,0.6575850229414683,0.6875000000000001,0.4102881830296737,0.5178571428571428,0.1767578125,0.0,3.905036982489933,3.8841326663476705,0.9049314461751707,0.8456918559680395,0.03193155924479167,0.016927083333333336,1.0,1.0,1.0,1.0,0.03193155924479167,0.016927083333333336,0.0,0.0,3.8876808031927794,5.7494113255757835,-0.06883659159066155,0.28191276483703387,0.8358640472882637,0.45433649889982247
300000,g_mix,augmentation,16,512,4,1,6.479356552008539,2.7880401611328125,0.25988344801589847,0.1953277587890625,2.8637186591513455,2.179107666015625,-1.0235066661409553,0.0243556631434618,0.23581899545400045,0.20978939287272308,2.603835211135447,1.770111083984375,0.6666511086856617,0.6760416666666667,8.866733535891399,4.127251625061035,8.986844968050718,3.81689453125,6.236570050008595,2.0629310607910156,9.253413340178668,4.581018447875977,0.6482699867056197,0.6833333333333333,0.40499568201619335,0.5000416765953077,0.08984375,0.0,3.9133227938404143,3.8936374961533957,0.9075973111949911,0.8581227270760317,0.032145182291666664,0.017578125,1.0,1.0,1.0,1.0,0.032145182291666664,0.017578125,0.0,0.0,5.3552150032599455,7.79274438197026,0.06077003835234791,0.4546586993965319,0.8331978084523392,0.6755197924457979
300000,g_mix,augmentation,32,512,4,1,8.268966005649418,3.3870391845703125,0.29306675447151065,0.1891632080078125,3.451365095563233,2.6519012451171875,-0.9761437067678338,-0.03253155073584165,0.21165497454579185,0.173028567588631,3.1582983410917222,2.266021728515625,0.666775275038057,0.669858870967742,8.843573928810656,4.067395210266113,9.124611508101225,3.758087158203125,5.974083563312888,1.9553213119506836,9.22399952357955,4.5580620765686035,0.6437206816463527,0.668850806451613,0.40211954288807894,0.4834195811535777,0.044921875,0.0,3.9189951124560656,3.911410283316802,0.9097623793029682,0.8558457962442154,0.03236834208170573,0.01806640625,1.0,1.0,1.0,1.0,0.03236834208170573,0.01806640625,0.0,0.0,6.847232021368109,9.945567894773555,0.0367984515381977,0.5292114587500686,0.824492316048553,0.8327293044997003
300000,g_mix,augmentation,64,512,4,1,9.888712823856622,4.0482940673828125,0.3857640097849071,0.21019744873046875,4.043437007814646,2.976959228515625,-0.877249982200175,-0.047483395338656635,0.19932251542966928,0.16683274155177985,3.6576729980297387,2.512335777282715,0.6660372765185414,0.6691468253968254,8.858260861597955,3.9479141235351562,9.099976059049368,3.7053394317626953,5.602660093456507,1.8939666748046875,9.234189491475263,4.504932761192322,0.6411543740875507,0.6643725198412699,0.4001948236651843,0.47939560439560436,0.01806640625,0.0,3.924351003955257,3.9238830710341084,0.9106515244170197,0.8583690653572331,0.03239854176839193,0.017578125,1.0,1.0,1.0,1.0,0.03239854176839193,0.017578125,0.0,0.0,8.209652227093466,11.940030030137859,0.1343799619586207,0.6514980406849644,0.8225071556410982,1.0254260707570233
300000,g_prior_exact,augmentation,1,512,4,0,0.0,0.0,0.0,0.0,0.0,0.0,0.0,0.0,0.0,0.0,0.0,0.0,1.0,1.0,9.099204801488668,3.9090118408203125,9.099204801488668,3.9090118408203125,9.099204801488668,3.9090118408203125,9.099204801488668,3.9090118408203125,1.0,1.0,1.0,1.0,1.0,1.0,0.0,0.0,0.0,0.0,0.04176839192708333,0.010416666666666666,1.0,1.0,1.0,1.0,0.04176839192708333,0.010416666666666666,0.0,0.0,0.0,0.0,0.0,0.0,1.0,0.0
300000,g_prior_exact,augmentation,2,512,4,0,1.8486438384279609,0.160369873046875,-0.013661183882504702,0.0,0.019376518204808235,0.0,0.00048828125,0.0,0.00048828125,0.0,0.03303770208731294,0.0,0.68798828125,0.75,9.86419274052605,4.871007442474365,9.102552957832813,3.9090118408203125,8.577005433384329,3.6661224365234375,9.86419274052605,4.871007442474365,0.74560546875,0.75,0.4912109375,0.5,0.74560546875,0.75,5.796688784211519,5.786508585466867,1.3052158517064862,1.2322091765903305,0.04176839192708333,0.010416666666666666,1.0,1.0,0.5,0.5,0.18520100911458334,0.17708333333333334,0.15965779622395831,0.16145833333333331,1.3822441603289917,2.400881507177837,-0.04351959037594497,0.018214725842699335,0.8025058238947423,0.032923347981051454
300000,g_prior_exact,augmentation,4,512,4,0,4.587719178758562,1.2164459228515625,-0.018264636863023043,0.0,0.024655252695083618,0.0,-0.000962266667883369,0.0,0.001720859145111212,0.0,0.04291988955810666,0.0,0.6805826822916667,0.7083333333333333,9.391288845450617,4.835289001464844,9.098817685618997,3.9090118408203125,7.857724260073155,3.3088531494140625,10.212862312910147,5.15545654296875,0.64453125,0.6666666666666666,0.33720703125,0.4,0.49169921875,0.5,6.386917667485868,6.376575124841457,1.4226755643771427,1.3725002767631431,0.04176839192708333,0.010416666666666666,1.0,1.0,0.25,0.25,0.2560831705729167,0.2552083333333333,0.23841349283854166,0.23958333333333334,3.6244313466129823,5.757340779434888,-0.056866283714771274,0.017377105460036544,0.7582280653983212,0.2515766735934588
300000,g_prior_exact,augmentation,8,512,4,0,8.025277736131102,2.5495452880859375,-0.015168876852840185,0.0,0.06689567491412163,0.0,-0.026631062217300678,0.0,0.00419934991971355,0.0,0.08206455176696181,0.0,0.6682070777529762,0.6785714285714285,9.318941654171795,4.735097885131836,9.091249293647707,3.8396682739257812,7.449171871878207,3.13128662109375,10.51103891886305,5.362658977508545,0.5965227399553571,0.6071428571428571,0.2499534970238095,0.2857142857142857,0.2939453125,0.25,6.673345622044625,6.675225434602273,1.4812490364179154,1.4369773440458982,0.04176839192708333,0.010416666666666666,1.0,1.0,0.125,0.125,0.29262542724609375,0.29166666666666663,0.2788340250651042,0.27864583333333337,6.435733427258674,9.890367795014745,-0.060093040962237866,0.03267216818640008,0.7160008290718619,0.5384356036422154
300000,g_prior_exact,augmentation,16,512,4,0,11.552513611968607,3.9056549072265625,-0.04234708193689585,0.0,0.09524668613448739,0.0,-0.02403878793108912,0.0,0.005003333555881034,0.0,0.13759376807138324,0.0,0.664037880777311,0.6583333333333334,9.254005991970189,4.825042724609375,9.092759889084846,3.8396682739257812,7.115460191853344,2.807769775390625,10.563658538478194,5.487318992614746,0.5773562647715336,0.5854166666666667,0.21323107666751567,0.24338235294117647,0.171875,0.0,6.801731228279096,6.80450967201976,1.508504092868118,1.4663001186509699,0.04176839192708333,0.010416666666666666,1.0,1.0,0.0625,0.0625,0.30960973103841144,0.3092447916666667,0.29782231648763025,0.2981770833333333,9.284275122499093,13.98029654257698,-0.10254397315438837,0.012503864464815702,0.6997348393803059,0.8094549893426604
300000,g_prior_exact,augmentation,32,512,4,0,15.156902118120342,5.034271240234375,-0.0066209351643919945,0.0,0.15475068474188447,0.0,-0.04856281186865365,0.0,0.010458880562777528,0.0,0.16137161990627646,0.0,0.660051823998554,0.6517137096774193,9.270044982316904,4.798002243041992,9.169409797061235,3.9278106689453125,6.757482707500458,2.711639404296875,10.694042838484165,5.568654656410217,0.5665885818396923,0.5715725806451613,0.18963453253251,0.2053244134897361,0.09619140625,0.0,6.865740237231639,6.8672781305831805,1.519379830458789,1.4793204393495751,0.04176839192708333,0.010416666666666666,1.0,1.0,0.03125,0.03125,0.3183422088623047,0.31803385416666663,0.3075739542643229,0.3076171875,12.26375363636762,18.38800747869536,-0.1180625082924962,0.12207055260660103,0.7053428361595222,1.0492432027381848
300000,g_prior_exact,augmentation,64,512,4,0,18.498580174986273,6.206731796264648,0.006143614649772644,0.0,0.2706145425327122,0.0,-1.3964049308965145,0.0,0.013743409789039015,0.0,0.2644709278829396,0.0,0.6587386915456854,0.6491815476190477,9.236961992224678,4.8218994140625,9.194087836425751,4.0318756103515625,5.951376841403544,2.4894866943359375,10.741027858955931,5.581101655960083,0.5597804775130608,0.5626860119047619,0.17339115780282371,0.1845702317301568,0.0537109375,0.0,6.896634861634569,6.894900071878664,1.5253408559610837,1.4753467249491212,0.04176839192708333,0.010416666666666666,1.0,1.0,0.015625,0.015625,0.3228740692138672,0.3228352864583333,0.3125292460123698,0.31266276041666663,15.109737423690968,22.355664189776867,-0.16638287934474646,0.20461953941266958,0.7224157270179633,1.2871964475582898
300000,g_prior_exact,native_source,1,512,4,0,0.0,0.0,0.0,0.0,0.0,0.0,0.0,0.0,0.0,0.0,0.0,0.0,1.0,1.0,10.792515148641542,5.1842041015625,10.792515148641542,5.1842041015625,10.792515148641542,5.1842041015625,10.792515148641542,5.1842041015625,1.0,1.0,1.0,1.0,1.0,1.0,0.0,0.0,0.0,0.0,0.0,0.0,0.0,0.0,0.0,0.0,0.3286539713541667,0.3229166666666667,0.3185221354166667,0.32291666666666663,0.0,0.0,0.0,0.0,1.0,0.0
300000,g_prior_exact,native_source,2,512,4,0,6.8010507572907954,2.32916259765625,1.3260097072925419,0.2768096923828125,15.441756095795427,7.106170654296875,0.27490234375,0.25,0.27490234375,0.25,14.115746388502885,6.0737810134887695,0.6552734375,0.75,10.710847914102487,5.386505126953125,10.825599361211061,4.9861297607421875,9.085140604060143,4.4346923828125,10.710847914102487,5.386505126953125,0.552734375,0.5,0.10546875,0.0,0.552734375,0.5,6.877104098937942,6.863820473021484,1.5018498777752813,1.4556131619240218,0.0,0.0,0.0,0.0,0.0,0.0,0.328643798828125,0.328125,0.31891886393229163,0.31770833333333337,5.654011278616963,8.028284928016364,0.3728441411629319,2.2714574361569246,0.9256706608877936,0.43240701396561004
300000,g_prior_exact,native_source,4,512,4,0,12.83102911268361,4.9367218017578125,2.8532162758056074,0.780975341796875,26.594433051359374,12.221698760986328,-1.766578421768194,0.25,0.33826917570957016,0.2928715242132151,23.741216775553767,10.679962158203125,0.6620279947916667,0.6666666666666666,9.719793598400429,4.8490142822265625,10.402467360254377,5.114013671875,8.258426683954895,3.665802001953125,10.636189899698365,5.449928283691406,0.5579427083333334,0.5416666666666667,0.1380859375,0.15000000000000002,0.31103515625,0.25,6.905648210065896,6.895504406438548,1.5160215901141458,1.466424873266621,0.0,0.0,0.0,0.0,0.0,0.0,0.3278045654296875,0.32552083333333337,0.31804402669270837,0.31770833333333337,10.845256671233802,15.162107379542428,1.632622083229944,4.232169257762143,0.9383634803376016,1.0180877008040028
300000,g_prior_exact,native_source,8,512,4,0,17.925275228684768,6.8310089111328125,3.4672384534496814,0.8456878662109375,35.40922435565153,16.013137817382812,-1.200184044381428,0.09990828524668449,0.3202439460399743,0.3037353059974375,31.94198590220185,14.212182998657227,0.6576948216352513,0.6607142857142857,9.448745749657974,4.8134765625,10.595808520447463,4.847320556640625,7.678882624953985,3.283447265625,10.72270271225716,5.472919464111328,0.5511300223214286,0.5535714285714286,0.13600957961309523,0.14880952380952384,0.1630859375,0.25,6.926195529684547,6.92863851237254,1.5273424886053324,1.486481792434489,0.0,0.0,0.0,0.0,0.0,0.0,0.32848612467447913,0.328125,0.3186492919921875,0.31901041666666663,15.07102583081578,21.126140241284155,2.1596427999495065,5.038802742038388,0.8856919215469791,1.419142447758166
300000,g_prior_exact,native_source,16,512,4,0,22.507638540817425,8.8402099609375,4.725466709351167,1.2251777648925781,43.61666043504374,19.385345458984375,-0.76101312740369,0.05779779796194556,0.3184372065086695,0.3118947884879033,38.891193725692574,16.914047241210938,0.6586671631543243,0.65625,9.317806400358677,4.77508544921875,10.078504459932446,4.85467529296875,7.188423926010728,2.8981475830078125,10.669490435175248,5.499245643615723,0.5548708790156687,0.5583333333333333,0.1526015903344386,0.15808823529411764,0.10205078125,0.0,6.927931517876505,6.926365933487962,1.5316014982024404,1.4855889996369842,0.0,0.0,0.0,0.0,0.0,0.0,0.32754007975260413,0.3268229166666667,0.3177299499511719,0.3177083333333333,18.986307378747732,26.61944576250971,3.1146440235432236,6.438224206626182,0.8827893146771361,1.8513197418035405
300000,g_prior_exact,native_source,32,512,4,0,26.698937239823863,10.22415018081665,5.3175514282193035,1.47998046875,49.58105948247248,22.018227577209473,-0.48756448103231054,0.039967304930919004,0.3063366489752757,0.29460478180508076,44.26350805425318,19.737350463867188,0.6572213837594697,0.6488442896709026,9.295363212819211,4.783515930175781,10.3543481240049,5.2886810302734375,6.803097698837519,2.692657470703125,10.746958786832693,5.611587047576904,0.5554003345418652,0.5584677419354839,0.15875994806029264,0.16907991202346043,0.06005859375,0.0,6.928527486190395,6.9298317590558085,1.5309143239697312,1.4867028602828796,0.0,0.0,0.0,0.0,0.0,0.0,0.32730738321940106,0.3271484375,0.31752777099609375,0.3177083333333333,22.412718916591256,31.478771237545878,3.6836952406913044,7.141755458421539,0.9424572737505875,2.1373714084068998
300000,g_prior_exact,native_source,64,512,4,0,30.28616119432263,11.562554359436035,6.609114526072517,1.514862060546875,55.1610841206857,24.272537231445312,-0.6147825571367667,0.016164697052013458,0.2855345927626446,0.26024606273193157,48.55196959461318,21.0228271484375,0.6573601486290517,0.6480874775985663,9.247879734961316,4.8507843017578125,10.25181088829413,5.03594970703125,5.984388389624655,2.46942138671875,10.767485833130195,5.59124755859375,0.554180157433922,0.556423611111111,0.15772204027578665,0.16783997252747254,0.03271484375,0.0,6.927977803980947,6.925335111496416,1.531051235047333,1.4819925126935907,0.0,0.0,0.0,0.0,0.0,0.0,0.32735665639241535,0.32747395833333337,0.31750615437825525,0.31754557291666663,25.292855544236954,35.548498651833505,4.649525404640007,8.872512750985331,0.9006844455118058,2.3836463631759575
500000,g_current,augmentation,1,512,4,1,0.0,0.0,0.0,0.0,0.0,0.0,0.0,0.0,0.0,0.0,0.0,0.0,1.0,1.0,9.984830040484667,4.489654541015625,9.984830040484667,4.489654541015625,9.984830040484667,4.489654541015625,9.984830040484667,4.489654541015625,1.0,1.0,1.0,1.0,1.0,1.0,0.0,0.0,0.0,0.0,0.04164632161458333,0.010416666666666666,1.0,1.0,1.0,1.0,0.04164632161458333,0.010416666666666666,0.0,0.0,0.0,0.0,0.0,0.0,1.0,0.0
500000,g_current,augmentation,2,512,4,1,1.3168908646330237,0.7502059936523438,0.05046208016574383,0.0,1.2841482209041715,0.8779754638671875,0.26025390625,0.25,0.26025390625,0.25,1.2336861407384276,0.7705841064453125,0.6142578125,0.75,10.010236841160804,4.400169372558594,9.979531415738165,4.299023628234863,9.347800639458,3.9360198974609375,10.010236841160804,4.400169372558594,0.52294921875,0.5,0.0458984375,0.0,0.52294921875,0.5,1.6424024038368852,1.7024018524601856,0.36532829973348946,0.32644275355928515,0.04099527994791666,0.005208333333333333,1.0,1.0,1.0,1.0,0.04099527994791666,0.005208333333333333,0.0,0.0,1.1682950635906308,1.4824606449808924,-0.08964395204093308,0.18685973600950087,0.9770132156833508,0.17049479920726707
500000,g_current,augmentation,4,512,4,1,2.42550384812057,1.642709732055664,0.24085834063589573,0.099212646484375,2.2653174633160233,1.6843719482421875,-0.8742012956724432,0.16736328326518202,0.3106185210482718,0.25,2.0244591226801276,1.4859619140625,0.6144694010416667,0.625,9.990253225434572,4.3802947998046875,9.930284914560616,4.4055633544921875,8.829841052182019,3.47503662109375,10.019624478183687,4.504844665527344,0.5292805989583333,0.5416666666666666,0.07008684804070928,0.09999999999999999,0.2802734375,0.25,1.6498044834029588,1.726377721102227,0.3696032109608118,0.33371339395637756,0.041341145833333336,0.0078125,1.0,1.0,1.0,1.0,0.041341145833333336,0.0078125,0.0,0.0,2.2066748712211846,2.664178940001875,0.06469790558330715,0.4181380360387263,0.9779612132256431,0.3750226427976744
500000,g_current,augmentation,8,512,4,1,3.3811177937313914,2.2610321044921875,0.30499938037246466,0.140899658203125,3.0149901239201427,2.2480926513671875,-1.1826193013822268,0.06731463657937692,0.3003176102832256,0.2517887178611517,2.709990743547678,1.8770294189453125,0.6214631903108465,0.6160714285714286,9.979654429946095,4.440254211425781,9.96510214637965,4.3837127685546875,8.352694691158831,3.259979248046875,10.029955320525914,4.588628768920898,0.5316375248015873,0.5267857142857143,0.08529405174072477,0.08333333333333333,0.146484375,0.0,1.6517971194019823,1.740409461938718,0.37269775843583997,0.3342891480663115,0.04137420654296875,0.0078125,1.0,1.0,1.0,1.0,0.04137420654296875,0.0078125,0.0,0.0,3.1023560343310237,3.700834822375327,0.11130874613299965,0.5002475410234183,0.9553426501280466,0.5092123101136955
500000,g_current,augmentation,16,512,4,1,4.223780217580497,3.0345001220703125,0.38189347833395004,0.1957550048828125,3.5731145506724715,2.643890380859375,-0.7190242819678703,-0.05092777589379212,0.2732373169595788,0.2435614794617229,3.1912210723385215,2.3710784912109375,0.6216733617275035,0.6229166666666667,9.901960758958012,4.4669647216796875,9.878819094970822,4.423627853393555,7.941394611261785,2.747772216796875,9.997291651845444,4.558563232421875,0.5322376411502101,0.53125,0.09047862900311182,0.08676470588235294,0.0810546875,0.0,1.6502498753408887,1.7360266824658273,0.37346512638223506,0.33342093213743135,0.04189046223958333,0.0087890625,1.0,1.0,1.0,1.0,0.04189046223958333,0.0087890625,0.0,0.0,3.8654008439742027,4.592982097552158,0.17338513801805674,0.601384198060259,0.9703995815899582,0.6793203687826007
500000,g_current,augmentation,32,512,4,1,4.86106575652957,3.509063720703125,0.28543042950332165,0.1171722412109375,4.091904933564365,3.0326385498046875,-0.4196417711146023,-0.08479950028886421,0.24195890473220888,0.21161424503973814,3.8064745040610433,2.7432098388671875,0.624330325606748,0.6255040322580645,9.925106666516513,4.32275390625,9.919383260421455,4.64349365234375,7.7386653032153845,2.4275665283203125,10.00875068680034,4.584091663360596,0.530769795771346,0.5284778225806451,0.08770895443701189,0.08490652492668621,0.03466796875,0.0,1.6505335893029875,1.7320105718033263,0.37347521982116594,0.3415624186541012,0.0417938232421875,0.0087890625,1.0,1.0,1.0,1.0,0.0417938232421875,0.0087890625,0.0,0.0,4.478595379926264,5.290372621593996,0.04015055405907333,0.5262641457840798,1.0129582899613327,0.8117657856093979
500000,g_current,augmentation,64,512,4,1,5.469307648949325,4.0567626953125,0.4176718033850193,0.1720123291015625,4.540348610840738,3.3394432067871094,-0.5330649117965012,-0.06448230502029242,0.2337861276444137,0.20009961385168032,4.1226768074557185,2.982421875,0.6251956271757436,0.6228918650793651,9.914975098334253,4.313377380371094,9.855923499912024,4.3911895751953125,7.45637299772352,2.33453369140625,10.002357377990847,4.56450343132019,0.5305229063709627,0.5300099206349207,0.087554140589828,0.08725961538461538,0.02001953125,0.0,1.650276081989959,1.7441798654349656,0.37355050072154594,0.33932815303991315,0.04166475931803385,0.008707682291666666,1.0,1.0,1.0,1.0,0.04166475931803385,0.008707682291666666,0.0,0.0,5.031493152631446,5.941181489359587,0.14712326037697493,0.6676413595210761,0.9620300743043257,0.9405072493247701
500000,g_mix,augmentation,1,512,4,1,0.0,0.0,0.0,0.0,0.0,0.0,0.0,0.0,0.0,0.0,0.0,0.0,1.0,1.0,9.984830040484667,4.489654541015625,9.984830040484667,4.489654541015625,9.984830040484667,4.489654541015625,9.984830040484667,4.489654541015625,1.0,1.0,1.0,1.0,1.0,1.0,0.0,0.0,0.0,0.0,0.04164632161458333,0.010416666666666666,1.0,1.0,1.0,1.0,0.04164632161458333,0.010416666666666666,0.0,0.0,0.0,0.0,0.0,0.0,1.0,0.0
500000,g_mix,augmentation,2,512,4,1,1.618896179832518,0.0,-0.011000722646713257,0.0,0.004340171813964844,0.0,0.0,0.0,0.0,0.0,0.0153408944606781,0.0,0.744140625,0.75,10.4932527593337,5.255218505859375,9.976186621934175,4.489654541015625,9.14537228923291,3.890380859375,10.4932527593337,5.255218505859375,0.78466796875,1.0,0.5693359375,1.0,0.78466796875,1.0,4.3422043884246575,4.321920358759184,0.9962238303761289,0.9344050158016952,0.0311279296875,0.015625,1.0,1.0,1.0,1.0,0.0311279296875,0.015625,0.0,0.0,1.1748444441938772,2.106763155176304,-0.031892091035842896,0.0,0.8543230954164561,0.0
500000,g_mix,augmentation,4,512,4,1,3.369921944104135,1.2447357177734375,0.040571434423327446,0.0,1.2878121780231595,0.8874664306640625,-1.6354641407914783,0.25,0.21568387617663948,0.25,1.247240743599832,0.7730560302734375,0.7146809895833334,0.75,10.184076137840748,4.823944091796875,9.970781424082816,4.299023628234863,8.270530752837658,3.6141204833984375,10.546303403098136,5.248271942138672,0.7090657552083333,0.75,0.48798828125,0.65,0.3935546875,0.25,3.908908046747259,3.8949479966853158,0.900028203199235,0.8542581132774293,0.03087870279947917,0.015625,1.0,1.0,1.0,1.0,0.03087870279947917,0.015625,0.0,0.0,2.782856894144788,3.990993229835294,-0.10282335246447474,0.18311977731063941,0.8191312637056323,0.2580327827368714
500000,g_mix,augmentation,8,512,4,1,5.21135641913861,2.199859619140625,0.2300566378980875,0.100128173828125,2.269081794656813,1.68896484375,-1.7271474765318535,0.06595416433331605,0.2550721959913506,0.25,2.0390251567587256,1.4859619140625,0.7044102905919313,0.7276785714285714,9.9358613723889,4.798316955566406,9.919595387764275,4.4055633544921875,7.5152296693995595,3.2277069091796875,10.490025692037307,5.288969039916992,0.6864788721478174,0.7232142857142858,0.4786142692621138,0.6071428571428572,0.20263671875,0.25,3.861745570454098,3.8403019661503137,0.8893863559581017,0.8475399276631737,0.03132883707682292,0.016927083333333332,1.0,1.0,1.0,1.0,0.03132883707682292,0.016927083333333332,0.0,0.0,4.3704506928101186,6.199317123298533,0.06647687661461532,0.4148071438539771,0.8329720445028982,0.4584648407997774
500000,g_mix,augmentation,16,512,4,1,6.981039959937334,3.2304534912109375,0.2713938346132636,0.140899658203125,3.0228910176083446,2.25177001953125,-1.2095298908827443,0.02160021696998115,0.2469674203817144,0.21393567887956166,2.751497182995081,1.8770294189453125,0.6979035706079306,0.7083333333333333,9.898274145554751,4.666984558105469,9.935673664323986,4.3837127685546875,7.043402341194451,2.8881378173828125,10.497482824604958,5.264133453369141,0.6757543056285014,0.71875,0.4759164264393341,0.6095588235294118,0.09521484375,0.0,3.8651424824310476,3.8494371397804708,0.8899791433724884,0.8556970856910557,0.03139368693033854,0.015625,1.0,1.0,1.0,1.0,0.03139368693033854,0.015625,0.0,0.0,5.90651991176419,8.19756443714723,0.047017435729503634,0.4763776174280791,0.8327510705012678,0.6921928819328081
500000,g_mix,augmentation,32,512,4,1,8.719844587147236,3.938323974609375,0.3506448194384575,0.1957550048828125,3.578329092822969,2.652008056640625,-0.5804253481757007,-0.019647062860441832,0.22262384452466077,0.1649351907711724,3.2276842733845115,2.3710784912109375,0.6951429857419966,0.700100806451613,9.855993734672666,4.691825866699219,9.850866781547666,4.423627853393555,6.611558808945119,2.5571746826171875,10.438397666206583,5.341794967651367,0.6704490656135891,0.7114415322580645,0.47468741946548976,0.6061217008797655,0.05419921875,0.0,3.868553696414258,3.8564748766106742,0.8913507673253799,0.8455541967219545,0.031737009684244796,0.015462239583333334,1.0,1.0,1.0,1.0,0.031737009684244796,0.015462239583333334,0.0,0.0,7.406783390557393,10.236723869852721,0.11937192585319281,0.5817589894402772,0.8281163691571817,0.8394011385976808
500000,g_mix,augmentation,64,512,4,1,10.194484033621848,4.752813339233398,0.29018345288932323,0.1171722412109375,4.115132893435657,3.0353851318359375,-0.3174131979583186,-0.022325330496992788,0.19682470906371968,0.1535702589237035,3.824949440546334,2.7432098388671875,0.6952487599561625,0.7023883066977825,9.893810909241438,4.776956558227539,9.885790857486427,4.64349365234375,6.260448636487126,2.3345184326171875,10.47406669731572,5.320855408906937,0.6681630730360365,0.7080233134920635,0.47363273874842016,0.600555173992674,0.01904296875,0.0,3.8728693206334985,3.8615588187812593,0.8921267051333466,0.8494882495273475,0.03174018859863281,0.015543619791666666,1.0,1.0,1.0,1.0,0.03174018859863281,0.015543619791666666,0.0,0.0,8.654705588752403,11.807784618902952,0.04213259341195226,0.520389677817002,0.8726968307709875,0.9949458994027154
500000,g_prior_exact,augmentation,1,512,4,0,0.0,0.0,0.0,0.0,0.0,0.0,0.0,0.0,0.0,0.0,0.0,0.0,1.0,1.0,9.984830040484667,4.489654541015625,9.984830040484667,4.489654541015625,9.984830040484667,4.489654541015625,9.984830040484667,4.489654541015625,1.0,1.0,1.0,1.0,1.0,1.0,0.0,0.0,0.0,0.0,0.04164632161458333,0.010416666666666666,1.0,1.0,1.0,1.0,0.04164632161458333,0.010416666666666666,0.0,0.0,0.0,0.0,0.0,0.0,1.0,0.0
500000,g_prior_exact,augmentation,2,512,4,0,2.1969018522650003,0.0411529541015625,0.03237919509410858,0.0,0.023802809417247772,0.0,0.001953125,0.0,0.001953125,0.0,-0.00857638567686081,0.0,0.7412109375,0.75,11.404948708135635,5.8625640869140625,9.977562235668302,4.489654541015625,9.16442837473005,4.3782196044921875,11.404948708135635,5.8625640869140625,0.78125,0.75,0.5625,0.5,0.78125,0.75,5.757793797880819,5.745088807953493,1.2953326039961863,1.2248686248501004,0.04164632161458333,0.010416666666666666,1.0,1.0,0.5,0.5,0.18513997395833331,0.17708333333333331,0.15965779622395831,0.16145833333333331,1.599847658514045,2.930461619491688,-0.0003026314079761505,0.09349426589906215,0.7658175628368935,0.007019616927245328
500000,g_prior_exact,augmentation,4,512,4,0,5.02391788829118,1.036407470703125,0.020446213893592358,0.0,0.02838873490691185,0.0,0.0022126681482028455,0.0,0.0023449054340042522,0.0,0.007942521013319492,0.0,0.7034505208333333,0.7083333333333334,11.085173863451928,6.096412658691406,9.987173757515848,4.47475528717041,8.301433227956295,4.1650848388671875,12.065540843410417,6.672641754150391,0.6747233072916667,0.7083333333333334,0.40888671875,0.5,0.56640625,0.5,6.370086267124976,6.367652389449481,1.4168151175337709,1.3640508732622183,0.04164632161458333,0.010416666666666666,1.0,1.0,0.25,0.25,0.25605265299479163,0.2526041666666667,0.23841349283854166,0.23958333333333334,4.032944158720784,6.091029944922774,-0.03770541229750961,0.093875644239597,0.6706122480480999,0.17000284080598796
500000,g_prior_exact,augmentation,8,512,4,0,7.9542726669460535,2.5113372802734375,0.024884020909667015,0.0,0.042394014075398445,0.0,0.002596856416502983,0.0,0.0033347455571263005,0.0,0.01750999316573143,0.0,0.6830415271577381,0.6941137566137566,10.722371709533036,5.863525390625,9.95332797896117,4.489654541015625,7.768718795850873,3.9905242919921875,12.227698800095823,7.113901853561401,0.6222530950314153,0.6339285714285714,0.31458664649425666,0.35119047619047616,0.3779296875,0.25,6.664142301988717,6.667935028318862,1.477793870414068,1.4329326655907124,0.04164632161458333,0.010416666666666666,1.0,1.0,0.125,0.125,0.29261016845703125,0.2923177083333333,0.2788340250651042,0.27864583333333337,6.423670818586833,9.515246734186075,-0.036131050623953345,0.11632508242037141,0.6311099918771004,0.42829818461922803
500000,g_prior_exact,augmentation,16,512,4,0,11.52872090227902,4.513738632202148,0.013807505369186401,0.0,0.05008484981954098,0.0,-0.004915518227588118,0.0,0.0030104984044552908,0.0,0.036277344450354576,0.0,0.6759287943693102,0.6791666666666667,10.608374405186623,5.971885681152344,9.968739273957908,4.489654541015625,7.741556579247117,3.6824874877929688,12.320059008547105,7.030512809753418,0.593459048658526,0.596875,0.25590819889644933,0.26838235294117646,0.24365234375,0.0,6.797282552586816,6.794544575150833,1.5067215081136736,1.4679201890284657,0.04164632161458333,0.010416666666666666,1.0,1.0,0.0625,0.0625,0.30960210164388025,0.3092447916666667,0.29782231648763025,0.2981770833333333,9.597362863551826,13.77857574073132,-0.05622135060839355,0.10367921285796909,0.6385955992836163,0.755831386131151
500000,g_prior_exact,augmentation,32,512,4,0,14.746411256492138,5.62884521484375,0.184119607321918,0.0,0.08811028487980366,0.0,-0.0015114576922331808,0.0,0.00638088607221528,0.0,-0.09600932244211435,0.0,0.6730411931022676,0.669858870967742,10.686205335892737,6.0717010498046875,10.018655995838344,4.489654541015625,7.251490185037255,3.461334228515625,12.419997516379226,7.135780394077301,0.5815231487315189,0.580141129032258,0.2312260742139271,0.23290872434017598,0.146484375,0.0,6.863440743820066,6.864252010843373,1.5184565781744475,1.4773673550387043,0.04164632161458333,0.010416666666666666,1.0,1.0,0.03125,0.03125,0.31833839416503906,0.31803385416666663,0.3075739542643229,0.3076171875,12.366595465363934,17.427871404262255,-0.0212341642472893,0.5051726080011575,0.629174987607808,0.9270623123028787
500000,g_prior_exact,augmentation,64,512,4,0,17.65841856598854,7.0894269943237305,0.21210413053631783,0.0,0.13793882820755243,0.0,-0.0031332384440514484,0.0,0.008924638838516935,0.0,-0.07416530232876539,0.0,0.6714313052687222,0.671875,10.643464560387656,6.254676818847656,10.06323863286525,4.583366394042969,6.768027171492577,3.3793716430664062,12.385536714507907,7.3338563442230225,0.5732367474883777,0.5698784722222222,0.21182210377559857,0.20455013736263733,0.087890625,0.0,6.895501152695905,6.893886543192444,1.5248927818532918,1.474931322867858,0.04164632161458333,0.010416666666666666,1.0,1.0,0.015625,0.015625,0.3228721618652344,0.3229166666666667,0.3125292460123698,0.31266276041666663,15.057328690728173,20.61085095182061,-0.02393346424214542,0.5329730638768521,0.6249599363441783,1.1334601610367243
500000,g_prior_exact,native_source,1,512,4,0,0.0,0.0,0.0,0.0,0.0,0.0,0.0,0.0,0.0,0.0,0.0,0.0,1.0,1.0,12.066866509616375,6.790786266326904,12.066866509616375,6.790786266326904,12.066866509616375,6.790786266326904,12.066866509616375,6.790786266326904,1.0,1.0,1.0,1.0,1.0,1.0,0.0,0.0,0.0,0.0,0.0,0.0,0.0,0.0,0.0,0.0,0.3286539713541667,0.3229166666666667,0.3185221354166667,0.32291666666666663,0.0,0.0,0.0,0.0,1.0,0.0
500000,g_prior_exact,native_source,2,512,4,0,7.771926598623395,3.170928955078125,1.7013772446662188,0.5208587646484375,18.691251345910132,8.413595199584961,0.283203125,0.25,0.283203125,0.25,16.989874101243913,7.327420234680176,0.662109375,0.75,12.445966942701489,7.008796691894531,11.857728415168822,6.297119140625,10.348860657773912,5.6127166748046875,12.445966942701489,7.008796691894531,0.56640625,0.5,0.1328125,0.0,0.56640625,0.5,6.877104098937942,6.863820473021484,1.5018498777752813,1.4556131619240218,0.0,0.0,0.0,0.0,0.0,0.0,0.328643798828125,0.328125,0.31891886393229163,0.31770833333333337,6.485883160121739,9.201673005055635,0.5622079124674201,2.9648034736979745,0.898459381466641,0.45242130631998667
500000,g_prior_exact,native_source,4,512,4,0,14.967809396795928,6.5417327880859375,3.343811904080212,1.2452545166015625,31.263269647955894,14.063701629638672,-0.4557595462445927,0.25,0.3542022329242052,0.339761255225443,27.919457743875682,12.308074951171875,0.6656087239583333,0.6666666666666667,11.498958143871278,6.623817443847656,12.07701625302434,6.3026123046875,9.044521018862724,4.987998962402344,12.586049960693344,7.3309326171875,0.5713704427083334,0.5833333333333333,0.16904296875,0.15000000000000005,0.33349609375,0.25,6.905648210065896,6.895504406438548,1.5160215901141458,1.466424873266621,0.0,0.0,0.0,0.0,0.0,0.0,0.3278045654296875,0.32552083333333337,0.31804402669270837,0.31770833333333337,12.97066627368331,17.113584709446876,1.9675964121939615,4.762911073537543,0.8597285821330447,0.9876076512588733
500000,g_prior_exact,native_source,8,512,4,0,20.526661179959774,8.976333618164062,4.789103641174734,1.6348724365234375,43.27179704327136,18.735260009765625,-0.5648125126692031,0.1391284042163607,0.3508039015395929,0.3342888194422484,38.48269340209663,17.019515991210938,0.6643441013558201,0.6696428571428572,10.883288546930999,6.25555419921875,11.837389081716537,6.2426300048828125,8.252800316549838,4.21710205078125,12.487953358737286,7.271980285644531,0.5694282975777116,0.5714285714285714,0.18184821259486408,0.18452380952380953,0.1904296875,0.25,6.926195529684547,6.92863851237254,1.5273424886053324,1.486481792434489,0.0,0.0,0.0,0.0,0.0,0.0,0.32848612467447913,0.328125,0.3186492919921875,0.31901041666666663,17.83384246742353,23.517672697547816,3.224889978580177,6.345315178274177,0.8584497976715176,1.4349381896947049
500000,g_prior_exact,native_source,16,512,4,0,25.635989057831466,11.408182144165039,6.2316298289224505,2.48944091796875,52.129008108749986,23.270050048828125,-0.3479987312591352,0.11785977235888623,0.3458327133690253,0.3318996684270844,45.897378279827535,19.875635147094727,0.6666351061909139,0.6708333333333333,10.717345037031919,6.1766204833984375,11.944818038493395,6.05389404296875,8.040911493822932,3.9456024169921875,12.450186287867837,7.1669206619262695,0.567404798833596,0.5697916666666667,0.18661453764736075,0.1860294117647059,0.1181640625,0.0,6.927931517876505,6.926365933487962,1.5316014982024404,1.4855889996369842,0.0,0.0,0.0,0.0,0.0,0.0,0.32754007975260413,0.3268229166666667,0.3177299499511719,0.3177083333333333,22.333772192243487,29.44785383006092,4.5238006764324386,7.983378009218722,0.8446994641826593,1.8469941895941362
500000,g_prior_exact,native_source,32,512,4,0,29.70752621907741,13.218536376953125,8.224401174113154,2.714996337890625,59.92544325720519,26.494796752929688,-0.42757665838505976,0.1188044077476335,0.3412224400946497,0.31502767437848966,51.701042083092034,22.08592653274536,0.6683868020394215,0.6668346774193549,10.746155495755374,6.152544021606445,11.651788427494466,6.0751495361328125,7.273642269894481,3.5876827239990234,12.485061156039592,7.137626647949219,0.5686091975227323,0.5665322580645161,0.19613773943653143,0.19121151026392963,0.0732421875,0.0,6.928527486190395,6.9298317590558085,1.5309143239697312,1.4867028602828796,0.0,0.0,0.0,0.0,0.0,0.0,0.32730738321940106,0.3271484375,0.31752777099609375,0.3177083333333333,25.833102264022454,33.76781602750998,6.250634023942984,10.495937783946282,0.8511442018164852,2.148466769279894
500000,g_prior_exact,native_source,64,512,4,0,33.01381322089583,15.03444242477417,8.829721079207957,3.336994171142578,65.98722578026354,28.924087524414062,-0.24271507987412516,0.1485241596852852,0.31899521261627317,0.30268944253218255,57.157504701055586,23.995941162109375,0.6691433001835054,0.6690017391882312,10.665117873577401,6.292579650878906,11.201073943637311,6.456787109375,6.773998945951462,3.3302764892578125,12.41806853433809,7.340806245803833,0.5667933775405857,0.5622318289909016,0.19406183186254122,0.18589171245421246,0.04248046875,0.0,6.927977803980947,6.925335111496416,1.531051235047333,1.4819925126935907,0.0,0.0,0.0,0.0,0.0,0.0,0.32735665639241535,0.32747395833333337,0.31750615437825525,0.31754557291666663,28.862643502978607,37.631510003842415,6.720425321324728,11.104583741771053,0.8795746534062034,2.389233551088107
